,series_id,units,value,date,year,month,change_first_order,change_second_order
1,TOTAL.OGNRPUS.M,Number of Rigs,1219,1/1/73,1973,1,NA,NA
2,TOTAL.OGNRPUS.M,Number of Rigs,1126,2/1/73,1973,2,-0.0763,NA
3,TOTAL.OGNRPUS.M,Number of Rigs,1049,3/1/73,1973,3,-0.0684,-0.103538663
4,TOTAL.OGNRPUS.M,Number of Rigs,993,4/1/73,1973,4,-0.0534,-0.219298246
5,TOTAL.OGNRPUS.M,Number of Rigs,1046,5/1/73,1973,5,0.0534,-2
6,TOTAL.OGNRPUS.M,Number of Rigs,1118,6/1/73,1973,6,0.0688,0.288389513
7,TOTAL.OGNRPUS.M,Number of Rigs,1156,7/1/73,1973,7,0.034,-0.505813953
8,TOTAL.OGNRPUS.M,Number of Rigs,1222,8/1/73,1973,8,0.0571,0.679411765
9,TOTAL.OGNRPUS.M,Number of Rigs,1266,9/1/73,1973,9,0.036,-0.369527145
10,TOTAL.OGNRPUS.M,Number of Rigs,1334,10/1/73,1973,10,0.0537,0.491666667
11,TOTAL.OGNRPUS.M,Number of Rigs,1390,11/1/73,1973,11,0.042,-0.217877095
12,TOTAL.OGNRPUS.M,Number of Rigs,1405,12/1/73,1973,12,0.0108,-0.742857143
13,TOTAL.OGNRPUS.M,Number of Rigs,1372,1/1/74,1974,1,-0.0235,-3.175925926
14,TOTAL.OGNRPUS.M,Number of Rigs,1355,2/1/74,1974,2,-0.0124,-0.472340426
15,TOTAL.OGNRPUS.M,Number of Rigs,1367,3/1/74,1974,3,0.0089,-1.717741935
16,TOTAL.OGNRPUS.M,Number of Rigs,1381,4/1/74,1974,4,0.0102,0.146067416
17,TOTAL.OGNRPUS.M,Number of Rigs,1413,5/1/74,1974,5,0.0232,1.274509804
18,TOTAL.OGNRPUS.M,Number of Rigs,1432,6/1/74,1974,6,0.0134,-0.422413793
19,TOTAL.OGNRPUS.M,Number of Rigs,1480,7/1/74,1974,7,0.0335,1.5
20,TOTAL.OGNRPUS.M,Number of Rigs,1518,8/1/74,1974,8,0.0257,-0.232835821
21,TOTAL.OGNRPUS.M,Number of Rigs,1527,9/1/74,1974,9,0.0059,-0.770428016
22,TOTAL.OGNRPUS.M,Number of Rigs,1584,10/1/74,1974,10,0.0373,5.322033898
23,TOTAL.OGNRPUS.M,Number of Rigs,1596,11/1/74,1974,11,0.0076,-0.796246649
24,TOTAL.OGNRPUS.M,Number of Rigs,1643,12/1/74,1974,12,0.0294,2.868421053
25,TOTAL.OGNRPUS.M,Number of Rigs,1615,1/1/75,1975,1,-0.017,-1.578231293
26,TOTAL.OGNRPUS.M,Number of Rigs,1611,2/1/75,1975,2,-0.0025,-0.852941176
27,TOTAL.OGNRPUS.M,Number of Rigs,1651,3/1/75,1975,3,0.0248,-10.92
28,TOTAL.OGNRPUS.M,Number of Rigs,1605,4/1/75,1975,4,-0.0279,-2.125
29,TOTAL.OGNRPUS.M,Number of Rigs,1592,5/1/75,1975,5,-0.0081,-0.709677419
30,TOTAL.OGNRPUS.M,Number of Rigs,1613,6/1/75,1975,6,0.0132,-2.62962963
31,TOTAL.OGNRPUS.M,Number of Rigs,1617,7/1/75,1975,7,0.0025,-0.810606061
32,TOTAL.OGNRPUS.M,Number of Rigs,1645,8/1/75,1975,8,0.0173,5.92
33,TOTAL.OGNRPUS.M,Number of Rigs,1699,9/1/75,1975,9,0.0328,0.895953757
34,TOTAL.OGNRPUS.M,Number of Rigs,1716,10/1/75,1975,10,0.01,-0.695121951
35,TOTAL.OGNRPUS.M,Number of Rigs,1757,11/1/75,1975,11,0.0239,1.39
36,TOTAL.OGNRPUS.M,Number of Rigs,1793,12/1/75,1975,12,0.0205,-0.142259414
37,TOTAL.OGNRPUS.M,Number of Rigs,1711,1/1/76,1976,1,-0.0457,-3.229268293
38,TOTAL.OGNRPUS.M,Number of Rigs,1594,2/1/76,1976,2,-0.0684,0.496717724
39,TOTAL.OGNRPUS.M,Number of Rigs,1540,3/1/76,1976,3,-0.0339,-0.504385965
40,TOTAL.OGNRPUS.M,Number of Rigs,1480,4/1/76,1976,4,-0.039,0.150442478
41,TOTAL.OGNRPUS.M,Number of Rigs,1496,5/1/76,1976,5,0.0108,-1.276923077
42,TOTAL.OGNRPUS.M,Number of Rigs,1546,6/1/76,1976,6,0.0334,2.092592593
43,TOTAL.OGNRPUS.M,Number of Rigs,1597,7/1/76,1976,7,0.033,-0.011976048
44,TOTAL.OGNRPUS.M,Number of Rigs,1691,8/1/76,1976,8,0.0589,0.784848485
45,TOTAL.OGNRPUS.M,Number of Rigs,1744,9/1/76,1976,9,0.0313,-0.468590832
46,TOTAL.OGNRPUS.M,Number of Rigs,1794,10/1/76,1976,10,0.0287,-0.083067093
47,TOTAL.OGNRPUS.M,Number of Rigs,1840,11/1/76,1976,11,0.0256,-0.108013937
48,TOTAL.OGNRPUS.M,Number of Rigs,1861,12/1/76,1976,12,0.0114,-0.5546875
49,TOTAL.OGNRPUS.M,Number of Rigs,1850,1/1/77,1977,1,-0.0059,-1.51754386
50,TOTAL.OGNRPUS.M,Number of Rigs,1856,2/1/77,1977,2,0.0032,-1.542372881
51,TOTAL.OGNRPUS.M,Number of Rigs,1887,3/1/77,1977,3,0.0167,4.21875
52,TOTAL.OGNRPUS.M,Number of Rigs,1907,4/1/77,1977,4,0.0106,-0.365269461
53,TOTAL.OGNRPUS.M,Number of Rigs,1982,5/1/77,1977,5,0.0393,2.70754717
54,TOTAL.OGNRPUS.M,Number of Rigs,2008,6/1/77,1977,6,0.0131,-0.666666667
55,TOTAL.OGNRPUS.M,Number of Rigs,2023,7/1/77,1977,7,0.0075,-0.427480916
56,TOTAL.OGNRPUS.M,Number of Rigs,2066,8/1/77,1977,8,0.0213,1.84
57,TOTAL.OGNRPUS.M,Number of Rigs,2084,9/1/77,1977,9,0.0087,-0.591549296
58,TOTAL.OGNRPUS.M,Number of Rigs,2101,10/1/77,1977,10,0.0082,-0.057471264
59,TOTAL.OGNRPUS.M,Number of Rigs,2113,11/1/77,1977,11,0.0057,-0.304878049
60,TOTAL.OGNRPUS.M,Number of Rigs,2141,12/1/77,1977,12,0.0133,1.333333333
61,TOTAL.OGNRPUS.M,Number of Rigs,2128,1/1/78,1978,1,-0.0061,-1.458646617
62,TOTAL.OGNRPUS.M,Number of Rigs,2135,2/1/78,1978,2,0.0033,-1.540983607
63,TOTAL.OGNRPUS.M,Number of Rigs,2159,3/1/78,1978,3,0.0112,2.393939394
64,TOTAL.OGNRPUS.M,Number of Rigs,2198,4/1/78,1978,4,0.0181,0.616071429
65,TOTAL.OGNRPUS.M,Number of Rigs,2249,5/1/78,1978,5,0.0232,0.281767956
66,TOTAL.OGNRPUS.M,Number of Rigs,2287,6/1/78,1978,6,0.0169,-0.271551724
67,TOTAL.OGNRPUS.M,Number of Rigs,2307,7/1/78,1978,7,0.0087,-0.485207101
68,TOTAL.OGNRPUS.M,Number of Rigs,2325,8/1/78,1978,8,0.0078,-0.103448276
69,TOTAL.OGNRPUS.M,Number of Rigs,2332,9/1/78,1978,9,0.003,-0.615384615
70,TOTAL.OGNRPUS.M,Number of Rigs,2346,10/1/78,1978,10,0.006,1
71,TOTAL.OGNRPUS.M,Number of Rigs,2356,11/1/78,1978,11,0.0043,-0.283333333
72,TOTAL.OGNRPUS.M,Number of Rigs,2286,12/1/78,1978,12,-0.0297,-7.906976744
73,TOTAL.OGNRPUS.M,Number of Rigs,2199,1/1/79,1979,1,-0.0381,0.282828283
74,TOTAL.OGNRPUS.M,Number of Rigs,2064,2/1/79,1979,2,-0.0614,0.611548556
75,TOTAL.OGNRPUS.M,Number of Rigs,1971,3/1/79,1979,3,-0.0451,-0.265472313
76,TOTAL.OGNRPUS.M,Number of Rigs,1943,4/1/79,1979,4,-0.0142,-0.685144124
77,TOTAL.OGNRPUS.M,Number of Rigs,1960,5/1/79,1979,5,0.0087,-1.612676056
78,TOTAL.OGNRPUS.M,Number of Rigs,1999,6/1/79,1979,6,0.0199,1.287356322
79,TOTAL.OGNRPUS.M,Number of Rigs,2094,7/1/79,1979,7,0.0475,1.386934673
80,TOTAL.OGNRPUS.M,Number of Rigs,2222,8/1/79,1979,8,0.0611,0.286315789
81,TOTAL.OGNRPUS.M,Number of Rigs,2284,9/1/79,1979,9,0.0279,-0.543371522
82,TOTAL.OGNRPUS.M,Number of Rigs,2380,10/1/79,1979,10,0.042,0.505376344
83,TOTAL.OGNRPUS.M,Number of Rigs,2460,11/1/79,1979,11,0.0336,-0.2
84,TOTAL.OGNRPUS.M,Number of Rigs,2552,12/1/79,1979,12,0.0374,0.113095238
85,TOTAL.OGNRPUS.M,Number of Rigs,2571,1/1/80,1980,1,0.0074,-0.802139037
86,TOTAL.OGNRPUS.M,Number of Rigs,2613,2/1/80,1980,2,0.0163,1.202702703
87,TOTAL.OGNRPUS.M,Number of Rigs,2658,3/1/80,1980,3,0.0172,0.055214724
88,TOTAL.OGNRPUS.M,Number of Rigs,2683,4/1/80,1980,4,0.0094,-0.453488372
89,TOTAL.OGNRPUS.M,Number of Rigs,2797,5/1/80,1980,5,0.0425,3.521276596
90,TOTAL.OGNRPUS.M,Number of Rigs,2850,6/1/80,1980,6,0.0189,-0.555294118
91,TOTAL.OGNRPUS.M,Number of Rigs,2953,7/1/80,1980,7,0.0361,0.91005291
92,TOTAL.OGNRPUS.M,Number of Rigs,3045,8/1/80,1980,8,0.0312,-0.135734072
93,TOTAL.OGNRPUS.M,Number of Rigs,3099,9/1/80,1980,9,0.0177,-0.432692308
94,TOTAL.OGNRPUS.M,Number of Rigs,3149,10/1/80,1980,10,0.0161,-0.09039548
95,TOTAL.OGNRPUS.M,Number of Rigs,3220,11/1/80,1980,11,0.0225,0.397515528
96,TOTAL.OGNRPUS.M,Number of Rigs,3286,12/1/80,1980,12,0.0205,-0.088888889
97,TOTAL.OGNRPUS.M,Number of Rigs,3386,1/1/81,1981,1,0.0304,0.482926829
98,TOTAL.OGNRPUS.M,Number of Rigs,3502,2/1/81,1981,2,0.0343,0.128289474
99,TOTAL.OGNRPUS.M,Number of Rigs,3595,3/1/81,1981,3,0.0266,-0.224489796
100,TOTAL.OGNRPUS.M,Number of Rigs,3728,4/1/81,1981,4,0.037,0.390977444
101,TOTAL.OGNRPUS.M,Number of Rigs,3817,5/1/81,1981,5,0.0239,-0.354054054
102,TOTAL.OGNRPUS.M,Number of Rigs,3926,6/1/81,1981,6,0.0286,0.19665272
103,TOTAL.OGNRPUS.M,Number of Rigs,3998,7/1/81,1981,7,0.0183,-0.36013986
104,TOTAL.OGNRPUS.M,Number of Rigs,4131,8/1/81,1981,8,0.0333,0.819672131
105,TOTAL.OGNRPUS.M,Number of Rigs,4242,9/1/81,1981,9,0.0269,-0.192192192
106,TOTAL.OGNRPUS.M,Number of Rigs,4352,10/1/81,1981,10,0.0259,-0.037174721
107,TOTAL.OGNRPUS.M,Number of Rigs,4436,11/1/81,1981,11,0.0193,-0.254826255
108,TOTAL.OGNRPUS.M,Number of Rigs,4521,12/1/81,1981,12,0.0192,-0.005181347
109,TOTAL.OGNRPUS.M,Number of Rigs,4436,1/1/82,1982,1,-0.0188,-1.979166667
110,TOTAL.OGNRPUS.M,Number of Rigs,4160,2/1/82,1982,2,-0.0622,2.308510638
111,TOTAL.OGNRPUS.M,Number of Rigs,3816,3/1/82,1982,3,-0.0827,0.329581994
112,TOTAL.OGNRPUS.M,Number of Rigs,3460,4/1/82,1982,4,-0.0933,0.128174123
113,TOTAL.OGNRPUS.M,Number of Rigs,3178,5/1/82,1982,5,-0.0815,-0.126473741
114,TOTAL.OGNRPUS.M,Number of Rigs,2908,6/1/82,1982,6,-0.085,0.042944785
115,TOTAL.OGNRPUS.M,Number of Rigs,2746,7/1/82,1982,7,-0.0557,-0.344705882
116,TOTAL.OGNRPUS.M,Number of Rigs,2620,8/1/82,1982,8,-0.0459,-0.175942549
117,TOTAL.OGNRPUS.M,Number of Rigs,2483,9/1/82,1982,9,-0.0523,0.139433551
118,TOTAL.OGNRPUS.M,Number of Rigs,2402,10/1/82,1982,10,-0.0326,-0.37667304
119,TOTAL.OGNRPUS.M,Number of Rigs,2500,11/1/82,1982,11,0.0408,-2.251533742
120,TOTAL.OGNRPUS.M,Number of Rigs,2696,12/1/82,1982,12,0.0784,0.921568627
121,TOTAL.OGNRPUS.M,Number of Rigs,2622,1/1/83,1983,1,-0.0274,-1.349489796
122,TOTAL.OGNRPUS.M,Number of Rigs,2192,2/1/83,1983,2,-0.164,4.98540146
123,TOTAL.OGNRPUS.M,Number of Rigs,2003,3/1/83,1983,3,-0.0862,-0.474390244
124,TOTAL.OGNRPUS.M,Number of Rigs,1846,4/1/83,1983,4,-0.0784,-0.090487239
125,TOTAL.OGNRPUS.M,Number of Rigs,1926,5/1/83,1983,5,0.0433,-1.552295918
126,TOTAL.OGNRPUS.M,Number of Rigs,1979,6/1/83,1983,6,0.0275,-0.364896074
127,TOTAL.OGNRPUS.M,Number of Rigs,2039,7/1/83,1983,7,0.0303,0.101818182
128,TOTAL.OGNRPUS.M,Number of Rigs,2156,8/1/83,1983,8,0.0574,0.894389439
129,TOTAL.OGNRPUS.M,Number of Rigs,2252,9/1/83,1983,9,0.0445,-0.224738676
130,TOTAL.OGNRPUS.M,Number of Rigs,2382,10/1/83,1983,10,0.0577,0.296629213
131,TOTAL.OGNRPUS.M,Number of Rigs,2572,11/1/83,1983,11,0.0798,0.383015598
132,TOTAL.OGNRPUS.M,Number of Rigs,2780,12/1/83,1983,12,0.0809,0.013784461
133,TOTAL.OGNRPUS.M,Number of Rigs,2666,1/1/84,1984,1,-0.041,-1.506798517
134,TOTAL.OGNRPUS.M,Number of Rigs,2423,2/1/84,1984,2,-0.0911,1.22195122
135,TOTAL.OGNRPUS.M,Number of Rigs,2245,3/1/84,1984,3,-0.0735,-0.193194292
136,TOTAL.OGNRPUS.M,Number of Rigs,2120,4/1/84,1984,4,-0.0557,-0.242176871
137,TOTAL.OGNRPUS.M,Number of Rigs,2277,5/1/84,1984,5,0.0741,-2.330341113
138,TOTAL.OGNRPUS.M,Number of Rigs,2363,6/1/84,1984,6,0.0378,-0.489878543
139,TOTAL.OGNRPUS.M,Number of Rigs,2386,7/1/84,1984,7,0.0097,-0.743386243
140,TOTAL.OGNRPUS.M,Number of Rigs,2417,8/1/84,1984,8,0.013,0.340206186
141,TOTAL.OGNRPUS.M,Number of Rigs,2420,9/1/84,1984,9,0.0012,-0.907692308
142,TOTAL.OGNRPUS.M,Number of Rigs,2492,10/1/84,1984,10,0.0298,23.83333333
143,TOTAL.OGNRPUS.M,Number of Rigs,2629,11/1/84,1984,11,0.055,0.845637584
144,TOTAL.OGNRPUS.M,Number of Rigs,2713,12/1/84,1984,12,0.032,-0.418181818
145,TOTAL.OGNRPUS.M,Number of Rigs,2452,1/1/85,1985,1,-0.0962,-4.00625
146,TOTAL.OGNRPUS.M,Number of Rigs,2188,2/1/85,1985,2,-0.1077,0.11954262
147,TOTAL.OGNRPUS.M,Number of Rigs,1955,3/1/85,1985,3,-0.1065,-0.011142061
148,TOTAL.OGNRPUS.M,Number of Rigs,1877,4/1/85,1985,4,-0.0399,-0.625352113
149,TOTAL.OGNRPUS.M,Number of Rigs,1865,5/1/85,1985,5,-0.0064,-0.839598997
150,TOTAL.OGNRPUS.M,Number of Rigs,1856,6/1/85,1985,6,-0.0048,-0.25
151,TOTAL.OGNRPUS.M,Number of Rigs,1909,7/1/85,1985,7,0.0286,-6.958333333
152,TOTAL.OGNRPUS.M,Number of Rigs,1931,8/1/85,1985,8,0.0115,-0.597902098
153,TOTAL.OGNRPUS.M,Number of Rigs,1930,9/1/85,1985,9,-5.00E-04,-1.043478261
154,TOTAL.OGNRPUS.M,Number of Rigs,1879,10/1/85,1985,10,-0.0264,51.8
155,TOTAL.OGNRPUS.M,Number of Rigs,1912,11/1/85,1985,11,0.0176,-1.666666667
156,TOTAL.OGNRPUS.M,Number of Rigs,1950,12/1/85,1985,12,0.0199,0.130681818
157,TOTAL.OGNRPUS.M,Number of Rigs,1810,1/1/86,1986,1,-0.0718,-4.608040201
158,TOTAL.OGNRPUS.M,Number of Rigs,1444,2/1/86,1986,2,-0.2022,1.816155989
159,TOTAL.OGNRPUS.M,Number of Rigs,1139,3/1/86,1986,3,-0.2112,0.044510386
160,TOTAL.OGNRPUS.M,Number of Rigs,906,4/1/86,1986,4,-0.2046,-0.03125
161,TOTAL.OGNRPUS.M,Number of Rigs,781,5/1/86,1986,5,-0.138,-0.325513196
162,TOTAL.OGNRPUS.M,Number of Rigs,705,6/1/86,1986,6,-0.0973,-0.294927536
163,TOTAL.OGNRPUS.M,Number of Rigs,686,7/1/86,1986,7,-0.027,-0.722507708
164,TOTAL.OGNRPUS.M,Number of Rigs,730,8/1/86,1986,8,0.0641,-3.374074074
165,TOTAL.OGNRPUS.M,Number of Rigs,755,9/1/86,1986,9,0.0342,-0.466458658
166,TOTAL.OGNRPUS.M,Number of Rigs,819,10/1/86,1986,10,0.0848,1.479532164
167,TOTAL.OGNRPUS.M,Number of Rigs,899,11/1/86,1986,11,0.0977,0.152122642
168,TOTAL.OGNRPUS.M,Number of Rigs,963,12/1/86,1986,12,0.0712,-0.271238485
169,TOTAL.OGNRPUS.M,Number of Rigs,900,1/1/87,1987,1,-0.0654,-1.918539326
170,TOTAL.OGNRPUS.M,Number of Rigs,818,2/1/87,1987,2,-0.0911,0.392966361
171,TOTAL.OGNRPUS.M,Number of Rigs,772,3/1/87,1987,3,-0.0562,-0.383095499
172,TOTAL.OGNRPUS.M,Number of Rigs,754,4/1/87,1987,4,-0.0233,-0.585409253
173,TOTAL.OGNRPUS.M,Number of Rigs,763,5/1/87,1987,5,0.0119,-1.510729614
174,TOTAL.OGNRPUS.M,Number of Rigs,788,6/1/87,1987,6,0.0328,1.756302521
175,TOTAL.OGNRPUS.M,Number of Rigs,901,7/1/87,1987,7,0.1434,3.37195122
176,TOTAL.OGNRPUS.M,Number of Rigs,1003,8/1/87,1987,8,0.1132,-0.210599721
177,TOTAL.OGNRPUS.M,Number of Rigs,1101,9/1/87,1987,9,0.0977,-0.136925795
178,TOTAL.OGNRPUS.M,Number of Rigs,1124,10/1/87,1987,10,0.0209,-0.786079836
179,TOTAL.OGNRPUS.M,Number of Rigs,1152,11/1/87,1987,11,0.0249,0.19138756
180,TOTAL.OGNRPUS.M,Number of Rigs,1162,12/1/87,1987,12,0.0087,-0.65060241
181,TOTAL.OGNRPUS.M,Number of Rigs,1076,1/1/88,1988,1,-0.074,-9.505747126
182,TOTAL.OGNRPUS.M,Number of Rigs,976,2/1/88,1988,2,-0.0929,0.255405405
183,TOTAL.OGNRPUS.M,Number of Rigs,951,3/1/88,1988,3,-0.0256,-0.724434876
184,TOTAL.OGNRPUS.M,Number of Rigs,917,4/1/88,1988,4,-0.0358,0.3984375
185,TOTAL.OGNRPUS.M,Number of Rigs,891,5/1/88,1988,5,-0.0284,-0.206703911
186,TOTAL.OGNRPUS.M,Number of Rigs,897,6/1/88,1988,6,0.0067,-1.235915493
187,TOTAL.OGNRPUS.M,Number of Rigs,912,7/1/88,1988,7,0.0167,1.492537313
188,TOTAL.OGNRPUS.M,Number of Rigs,930,8/1/88,1988,8,0.0197,0.179640719
189,TOTAL.OGNRPUS.M,Number of Rigs,927,9/1/88,1988,9,-0.0032,-1.162436548
190,TOTAL.OGNRPUS.M,Number of Rigs,923,10/1/88,1988,10,-0.0043,0.34375
191,TOTAL.OGNRPUS.M,Number of Rigs,918,11/1/88,1988,11,-0.0054,0.255813953
192,TOTAL.OGNRPUS.M,Number of Rigs,924,12/1/88,1988,12,0.0065,-2.203703704
193,TOTAL.OGNRPUS.M,Number of Rigs,841,1/1/89,1989,1,-0.0898,-14.81538462
194,TOTAL.OGNRPUS.M,Number of Rigs,762,2/1/89,1989,2,-0.0939,0.045657016
195,TOTAL.OGNRPUS.M,Number of Rigs,753,3/1/89,1989,3,-0.0118,-0.874334398
196,TOTAL.OGNRPUS.M,Number of Rigs,771,4/1/89,1989,4,0.0239,-3.025423729
197,TOTAL.OGNRPUS.M,Number of Rigs,754,5/1/89,1989,5,-0.022,-1.920502092
198,TOTAL.OGNRPUS.M,Number of Rigs,795,6/1/89,1989,6,0.0544,-3.472727273
199,TOTAL.OGNRPUS.M,Number of Rigs,832,7/1/89,1989,7,0.0465,-0.145220588
200,TOTAL.OGNRPUS.M,Number of Rigs,886,8/1/89,1989,8,0.0649,0.395698925
201,TOTAL.OGNRPUS.M,Number of Rigs,955,9/1/89,1989,9,0.0779,0.200308166
202,TOTAL.OGNRPUS.M,Number of Rigs,984,10/1/89,1989,10,0.0304,-0.609756098
203,TOTAL.OGNRPUS.M,Number of Rigs,1041,11/1/89,1989,11,0.0579,0.904605263
204,TOTAL.OGNRPUS.M,Number of Rigs,1065,12/1/89,1989,12,0.0231,-0.601036269
205,TOTAL.OGNRPUS.M,Number of Rigs,998,1/1/90,1990,1,-0.0629,-3.722943723
206,TOTAL.OGNRPUS.M,Number of Rigs,911,2/1/90,1990,2,-0.0872,0.386327504
207,TOTAL.OGNRPUS.M,Number of Rigs,905,3/1/90,1990,3,-0.0066,-0.924311927
208,TOTAL.OGNRPUS.M,Number of Rigs,935,4/1/90,1990,4,0.0331,-6.015151515
209,TOTAL.OGNRPUS.M,Number of Rigs,961,5/1/90,1990,5,0.0278,-0.160120846
210,TOTAL.OGNRPUS.M,Number of Rigs,999,6/1/90,1990,6,0.0395,0.420863309
211,TOTAL.OGNRPUS.M,Number of Rigs,1010,7/1/90,1990,7,0.011,-0.721518987
212,TOTAL.OGNRPUS.M,Number of Rigs,987,8/1/90,1990,8,-0.0228,-3.072727273
213,TOTAL.OGNRPUS.M,Number of Rigs,1042,9/1/90,1990,9,0.0557,-3.442982456
214,TOTAL.OGNRPUS.M,Number of Rigs,1073,10/1/90,1990,10,0.0298,-0.464991023
215,TOTAL.OGNRPUS.M,Number of Rigs,1137,11/1/90,1990,11,0.0596,1
216,TOTAL.OGNRPUS.M,Number of Rigs,1136,12/1/90,1990,12,-9.00E-04,-1.015100671
217,TOTAL.OGNRPUS.M,Number of Rigs,1068,1/1/91,1991,1,-0.0599,65.55555556
218,TOTAL.OGNRPUS.M,Number of Rigs,984,2/1/91,1991,2,-0.0787,0.313856427
219,TOTAL.OGNRPUS.M,Number of Rigs,929,3/1/91,1991,3,-0.0559,-0.289707751
220,TOTAL.OGNRPUS.M,Number of Rigs,865,4/1/91,1991,4,-0.0689,0.23255814
221,TOTAL.OGNRPUS.M,Number of Rigs,819,5/1/91,1991,5,-0.0532,-0.227866473
222,TOTAL.OGNRPUS.M,Number of Rigs,867,6/1/91,1991,6,0.0586,-2.101503759
223,TOTAL.OGNRPUS.M,Number of Rigs,844,7/1/91,1991,7,-0.0265,-1.45221843
224,TOTAL.OGNRPUS.M,Number of Rigs,803,8/1/91,1991,8,-0.0486,0.833962264
225,TOTAL.OGNRPUS.M,Number of Rigs,775,9/1/91,1991,9,-0.0349,-0.281893004
226,TOTAL.OGNRPUS.M,Number of Rigs,795,10/1/91,1991,10,0.0258,-1.739255014
227,TOTAL.OGNRPUS.M,Number of Rigs,808,11/1/91,1991,11,0.0164,-0.364341085
228,TOTAL.OGNRPUS.M,Number of Rigs,796,12/1/91,1991,12,-0.0149,-1.908536585
229,TOTAL.OGNRPUS.M,Number of Rigs,710,1/1/92,1992,1,-0.108,6.248322148
230,TOTAL.OGNRPUS.M,Number of Rigs,669,2/1/92,1992,2,-0.0577,-0.465740741
231,TOTAL.OGNRPUS.M,Number of Rigs,648,3/1/92,1992,3,-0.0314,-0.455805893
232,TOTAL.OGNRPUS.M,Number of Rigs,642,4/1/92,1992,4,-0.0093,-0.703821656
233,TOTAL.OGNRPUS.M,Number of Rigs,638,5/1/92,1992,5,-0.0062,-0.333333333
234,TOTAL.OGNRPUS.M,Number of Rigs,621,6/1/92,1992,6,-0.0266,3.290322581
235,TOTAL.OGNRPUS.M,Number of Rigs,676,7/1/92,1992,7,0.0886,-4.330827068
236,TOTAL.OGNRPUS.M,Number of Rigs,686,8/1/92,1992,8,0.0148,-0.832957111
237,TOTAL.OGNRPUS.M,Number of Rigs,717,9/1/92,1992,9,0.0452,2.054054054
238,TOTAL.OGNRPUS.M,Number of Rigs,803,10/1/92,1992,10,0.1199,1.652654867
239,TOTAL.OGNRPUS.M,Number of Rigs,882,11/1/92,1992,11,0.0984,-0.179316097
240,TOTAL.OGNRPUS.M,Number of Rigs,926,12/1/92,1992,12,0.0499,-0.492886179
241,TOTAL.OGNRPUS.M,Number of Rigs,824,1/1/93,1993,1,-0.1102,-3.208416834
242,TOTAL.OGNRPUS.M,Number of Rigs,684,2/1/93,1993,2,-0.1699,0.541742287
243,TOTAL.OGNRPUS.M,Number of Rigs,611,3/1/93,1993,3,-0.1067,-0.37198352
244,TOTAL.OGNRPUS.M,Number of Rigs,612,4/1/93,1993,4,0.0016,-1.014995314
245,TOTAL.OGNRPUS.M,Number of Rigs,637,5/1/93,1993,5,0.0408,24.5
246,TOTAL.OGNRPUS.M,Number of Rigs,695,6/1/93,1993,6,0.0911,1.232843137
247,TOTAL.OGNRPUS.M,Number of Rigs,741,7/1/93,1993,7,0.0662,-0.273326015
248,TOTAL.OGNRPUS.M,Number of Rigs,797,8/1/93,1993,8,0.0756,0.141993958
249,TOTAL.OGNRPUS.M,Number of Rigs,848,9/1/93,1993,9,0.064,-0.153439153
250,TOTAL.OGNRPUS.M,Number of Rigs,860,10/1/93,1993,10,0.0142,-0.778125
251,TOTAL.OGNRPUS.M,Number of Rigs,868,11/1/93,1993,11,0.0093,-0.345070423
252,TOTAL.OGNRPUS.M,Number of Rigs,857,12/1/93,1993,12,-0.0127,-2.365591398
253,TOTAL.OGNRPUS.M,Number of Rigs,789,1/1/94,1994,1,-0.0793,5.244094488
254,TOTAL.OGNRPUS.M,Number of Rigs,754,2/1/94,1994,2,-0.0444,-0.440100883
255,TOTAL.OGNRPUS.M,Number of Rigs,735,3/1/94,1994,3,-0.0252,-0.432432432
256,TOTAL.OGNRPUS.M,Number of Rigs,723,4/1/94,1994,4,-0.0163,-0.353174603
257,TOTAL.OGNRPUS.M,Number of Rigs,716,5/1/94,1994,5,-0.0097,-0.404907975
258,TOTAL.OGNRPUS.M,Number of Rigs,756,6/1/94,1994,6,0.0559,-6.762886598
259,TOTAL.OGNRPUS.M,Number of Rigs,771,7/1/94,1994,7,0.0198,-0.645796064
260,TOTAL.OGNRPUS.M,Number of Rigs,766,8/1/94,1994,8,-0.0065,-1.328282828
261,TOTAL.OGNRPUS.M,Number of Rigs,809,9/1/94,1994,9,0.0561,-9.630769231
262,TOTAL.OGNRPUS.M,Number of Rigs,822,10/1/94,1994,10,0.0161,-0.713012478
263,TOTAL.OGNRPUS.M,Number of Rigs,835,11/1/94,1994,11,0.0158,-0.01863354
264,TOTAL.OGNRPUS.M,Number of Rigs,816,12/1/94,1994,12,-0.0228,-2.443037975
265,TOTAL.OGNRPUS.M,Number of Rigs,748,1/1/95,1995,1,-0.0833,2.653508772
266,TOTAL.OGNRPUS.M,Number of Rigs,713,2/1/95,1995,2,-0.0468,-0.43817527
267,TOTAL.OGNRPUS.M,Number of Rigs,665,3/1/95,1995,3,-0.0673,0.438034188
268,TOTAL.OGNRPUS.M,Number of Rigs,678,4/1/95,1995,4,0.0195,-1.2897474
269,TOTAL.OGNRPUS.M,Number of Rigs,679,5/1/95,1995,5,0.0015,-0.923076923
270,TOTAL.OGNRPUS.M,Number of Rigs,674,6/1/95,1995,6,-0.0074,-5.933333333
271,TOTAL.OGNRPUS.M,Number of Rigs,723,7/1/95,1995,7,0.0727,-10.82432432
272,TOTAL.OGNRPUS.M,Number of Rigs,745,8/1/95,1995,8,0.0304,-0.581843191
273,TOTAL.OGNRPUS.M,Number of Rigs,765,9/1/95,1995,9,0.0268,-0.118421053
274,TOTAL.OGNRPUS.M,Number of Rigs,761,10/1/95,1995,10,-0.0052,-1.194029851
275,TOTAL.OGNRPUS.M,Number of Rigs,772,11/1/95,1995,11,0.0145,-3.788461538
276,TOTAL.OGNRPUS.M,Number of Rigs,763,12/1/95,1995,12,-0.0117,-1.806896552
277,TOTAL.OGNRPUS.M,Number of Rigs,709,1/1/96,1996,1,-0.0708,5.051282051
278,TOTAL.OGNRPUS.M,Number of Rigs,700,2/1/96,1996,2,-0.0127,-0.820621469
279,TOTAL.OGNRPUS.M,Number of Rigs,714,3/1/96,1996,3,0.02,-2.57480315
280,TOTAL.OGNRPUS.M,Number of Rigs,741,4/1/96,1996,4,0.0378,0.89
281,TOTAL.OGNRPUS.M,Number of Rigs,764,5/1/96,1996,5,0.031,-0.17989418
282,TOTAL.OGNRPUS.M,Number of Rigs,774,6/1/96,1996,6,0.0131,-0.577419355
283,TOTAL.OGNRPUS.M,Number of Rigs,784,7/1/96,1996,7,0.0129,-0.015267176
284,TOTAL.OGNRPUS.M,Number of Rigs,811,8/1/96,1996,8,0.0344,1.666666667
285,TOTAL.OGNRPUS.M,Number of Rigs,811,9/1/96,1996,9,0,-1
286,TOTAL.OGNRPUS.M,Number of Rigs,836,10/1/96,1996,10,0.0308,0
287,TOTAL.OGNRPUS.M,Number of Rigs,848,11/1/96,1996,11,0.0144,-0.532467532
288,TOTAL.OGNRPUS.M,Number of Rigs,852,12/1/96,1996,12,0.0047,-0.673611111
289,TOTAL.OGNRPUS.M,Number of Rigs,822,1/1/97,1997,1,-0.0352,-8.489361702
290,TOTAL.OGNRPUS.M,Number of Rigs,849,2/1/97,1997,2,0.0328,-1.931818182
291,TOTAL.OGNRPUS.M,Number of Rigs,897,3/1/97,1997,3,0.0565,0.722560976
292,TOTAL.OGNRPUS.M,Number of Rigs,901,4/1/97,1997,4,0.0045,-0.920353982
293,TOTAL.OGNRPUS.M,Number of Rigs,924,5/1/97,1997,5,0.0255,4.666666667
294,TOTAL.OGNRPUS.M,Number of Rigs,976,6/1/97,1997,6,0.0563,1.207843137
295,TOTAL.OGNRPUS.M,Number of Rigs,969,7/1/97,1997,7,-0.0072,-1.127886323
296,TOTAL.OGNRPUS.M,Number of Rigs,993,8/1/97,1997,8,0.0248,-4.444444444
297,TOTAL.OGNRPUS.M,Number of Rigs,1009,9/1/97,1997,9,0.0161,-0.350806452
298,TOTAL.OGNRPUS.M,Number of Rigs,996,10/1/97,1997,10,-0.0129,-1.801242236
299,TOTAL.OGNRPUS.M,Number of Rigs,983,11/1/97,1997,11,-0.0131,0.015503876
300,TOTAL.OGNRPUS.M,Number of Rigs,1013,12/1/97,1997,12,0.0305,-3.328244275
301,TOTAL.OGNRPUS.M,Number of Rigs,993,1/1/98,1998,1,-0.0197,-1.645901639
302,TOTAL.OGNRPUS.M,Number of Rigs,974,2/1/98,1998,2,-0.0191,-0.030456853
303,TOTAL.OGNRPUS.M,Number of Rigs,932,3/1/98,1998,3,-0.0431,1.256544503
304,TOTAL.OGNRPUS.M,Number of Rigs,886,4/1/98,1998,4,-0.0494,0.146171694
305,TOTAL.OGNRPUS.M,Number of Rigs,855,5/1/98,1998,5,-0.035,-0.291497976
306,TOTAL.OGNRPUS.M,Number of Rigs,854,6/1/98,1998,6,-0.0012,-0.965714286
307,TOTAL.OGNRPUS.M,Number of Rigs,816,7/1/98,1998,7,-0.0445,36.08333333
308,TOTAL.OGNRPUS.M,Number of Rigs,792,8/1/98,1998,8,-0.0294,-0.339325843
309,TOTAL.OGNRPUS.M,Number of Rigs,774,9/1/98,1998,9,-0.0227,-0.227891156
310,TOTAL.OGNRPUS.M,Number of Rigs,734,10/1/98,1998,10,-0.0517,1.27753304
311,TOTAL.OGNRPUS.M,Number of Rigs,688,11/1/98,1998,11,-0.0627,0.212765957
312,TOTAL.OGNRPUS.M,Number of Rigs,647,12/1/98,1998,12,-0.0596,-0.049441786
313,TOTAL.OGNRPUS.M,Number of Rigs,587,1/1/99,1999,1,-0.0927,0.555369128
314,TOTAL.OGNRPUS.M,Number of Rigs,542,2/1/99,1999,2,-0.0767,-0.172599784
315,TOTAL.OGNRPUS.M,Number of Rigs,526,3/1/99,1999,3,-0.0295,-0.615384615
316,TOTAL.OGNRPUS.M,Number of Rigs,496,4/1/99,1999,4,-0.057,0.93220339
317,TOTAL.OGNRPUS.M,Number of Rigs,516,5/1/99,1999,5,0.0403,-1.707017544
318,TOTAL.OGNRPUS.M,Number of Rigs,558,6/1/99,1999,6,0.0814,1.019851117
319,TOTAL.OGNRPUS.M,Number of Rigs,588,7/1/99,1999,7,0.0538,-0.339066339
320,TOTAL.OGNRPUS.M,Number of Rigs,639,8/1/99,1999,8,0.0867,0.611524164
321,TOTAL.OGNRPUS.M,Number of Rigs,696,9/1/99,1999,9,0.0892,0.028835063
322,TOTAL.OGNRPUS.M,Number of Rigs,741,10/1/99,1999,10,0.0647,-0.274663677
323,TOTAL.OGNRPUS.M,Number of Rigs,782,11/1/99,1999,11,0.0553,-0.145285935
324,TOTAL.OGNRPUS.M,Number of Rigs,798,12/1/99,1999,12,0.0205,-0.629294756
325,TOTAL.OGNRPUS.M,Number of Rigs,775,1/1/00,2000,1,-0.0288,-2.404878049
326,TOTAL.OGNRPUS.M,Number of Rigs,763,2/1/00,2000,2,-0.0155,-0.461805556
327,TOTAL.OGNRPUS.M,Number of Rigs,773,3/1/00,2000,3,0.0131,-1.84516129
328,TOTAL.OGNRPUS.M,Number of Rigs,805,4/1/00,2000,4,0.0414,2.160305344
329,TOTAL.OGNRPUS.M,Number of Rigs,844,5/1/00,2000,5,0.0484,0.169082126
330,TOTAL.OGNRPUS.M,Number of Rigs,878,6/1/00,2000,6,0.0403,-0.167355372
331,TOTAL.OGNRPUS.M,Number of Rigs,942,7/1/00,2000,7,0.0729,0.808933002
332,TOTAL.OGNRPUS.M,Number of Rigs,987,8/1/00,2000,8,0.0478,-0.34430727
333,TOTAL.OGNRPUS.M,Number of Rigs,1011,9/1/00,2000,9,0.0243,-0.491631799
334,TOTAL.OGNRPUS.M,Number of Rigs,1055,10/1/00,2000,10,0.0435,0.790123457
335,TOTAL.OGNRPUS.M,Number of Rigs,1067,11/1/00,2000,11,0.0114,-0.737931034
336,TOTAL.OGNRPUS.M,Number of Rigs,1097,12/1/00,2000,12,0.0281,1.464912281
337,TOTAL.OGNRPUS.M,Number of Rigs,1118,1/1/01,2001,1,0.0191,-0.320284698
338,TOTAL.OGNRPUS.M,Number of Rigs,1136,2/1/01,2001,2,0.0161,-0.157068063
339,TOTAL.OGNRPUS.M,Number of Rigs,1163,3/1/01,2001,3,0.0238,0.47826087
340,TOTAL.OGNRPUS.M,Number of Rigs,1206,4/1/01,2001,4,0.037,0.554621849
341,TOTAL.OGNRPUS.M,Number of Rigs,1234,5/1/01,2001,5,0.0232,-0.372972973
342,TOTAL.OGNRPUS.M,Number of Rigs,1270,6/1/01,2001,6,0.0292,0.25862069
343,TOTAL.OGNRPUS.M,Number of Rigs,1278,7/1/01,2001,7,0.0063,-0.784246575
344,TOTAL.OGNRPUS.M,Number of Rigs,1252,8/1/01,2001,8,-0.0203,-4.222222222
345,TOTAL.OGNRPUS.M,Number of Rigs,1193,9/1/01,2001,9,-0.0471,1.320197044
346,TOTAL.OGNRPUS.M,Number of Rigs,1111,10/1/01,2001,10,-0.0687,0.458598726
347,TOTAL.OGNRPUS.M,Number of Rigs,1000,11/1/01,2001,11,-0.0999,0.454148472
348,TOTAL.OGNRPUS.M,Number of Rigs,901,12/1/01,2001,12,-0.099,-0.009009009
349,TOTAL.OGNRPUS.M,Number of Rigs,867,1/1/02,2002,1,-0.0377,-0.619191919
350,TOTAL.OGNRPUS.M,Number of Rigs,825,2/1/02,2002,2,-0.0484,0.283819629
351,TOTAL.OGNRPUS.M,Number of Rigs,763,3/1/02,2002,3,-0.0752,0.553719008
352,TOTAL.OGNRPUS.M,Number of Rigs,750,4/1/02,2002,4,-0.017,-0.77393617
353,TOTAL.OGNRPUS.M,Number of Rigs,826,5/1/02,2002,5,0.1013,-6.958823529
354,TOTAL.OGNRPUS.M,Number of Rigs,842,6/1/02,2002,6,0.0194,-0.808489635
355,TOTAL.OGNRPUS.M,Number of Rigs,851,7/1/02,2002,7,0.0107,-0.448453608
356,TOTAL.OGNRPUS.M,Number of Rigs,848,8/1/02,2002,8,-0.0035,-1.327102804
357,TOTAL.OGNRPUS.M,Number of Rigs,860,9/1/02,2002,9,0.0142,-5.057142857
358,TOTAL.OGNRPUS.M,Number of Rigs,851,10/1/02,2002,10,-0.0105,-1.73943662
359,TOTAL.OGNRPUS.M,Number of Rigs,834,11/1/02,2002,11,-0.02,0.904761905
360,TOTAL.OGNRPUS.M,Number of Rigs,856,12/1/02,2002,12,0.0264,-2.32
361,TOTAL.OGNRPUS.M,Number of Rigs,854,1/1/03,2003,1,-0.0023,-1.087121212
362,TOTAL.OGNRPUS.M,Number of Rigs,907,2/1/03,2003,2,0.0621,-28
363,TOTAL.OGNRPUS.M,Number of Rigs,941,3/1/03,2003,3,0.0375,-0.396135266
364,TOTAL.OGNRPUS.M,Number of Rigs,983,4/1/03,2003,4,0.0446,0.189333333
365,TOTAL.OGNRPUS.M,Number of Rigs,1034,5/1/03,2003,5,0.0519,0.16367713
366,TOTAL.OGNRPUS.M,Number of Rigs,1067,6/1/03,2003,6,0.0319,-0.385356455
367,TOTAL.OGNRPUS.M,Number of Rigs,1081,7/1/03,2003,7,0.0131,-0.589341693
368,TOTAL.OGNRPUS.M,Number of Rigs,1090,8/1/03,2003,8,0.0083,-0.366412214
369,TOTAL.OGNRPUS.M,Number of Rigs,1093,9/1/03,2003,9,0.0028,-0.662650602
370,TOTAL.OGNRPUS.M,Number of Rigs,1102,10/1/03,2003,10,0.0082,1.928571429
371,TOTAL.OGNRPUS.M,Number of Rigs,1111,11/1/03,2003,11,0.0082,0
372,TOTAL.OGNRPUS.M,Number of Rigs,1114,12/1/03,2003,12,0.0027,-0.670731707
373,TOTAL.OGNRPUS.M,Number of Rigs,1101,1/1/04,2004,1,-0.0117,-5.333333333
374,TOTAL.OGNRPUS.M,Number of Rigs,1119,2/1/04,2004,2,0.0163,-2.393162393
375,TOTAL.OGNRPUS.M,Number of Rigs,1135,3/1/04,2004,3,0.0143,-0.122699387
376,TOTAL.OGNRPUS.M,Number of Rigs,1151,4/1/04,2004,4,0.0141,-0.013986014
377,TOTAL.OGNRPUS.M,Number of Rigs,1164,5/1/04,2004,5,0.0113,-0.19858156
378,TOTAL.OGNRPUS.M,Number of Rigs,1176,6/1/04,2004,6,0.0103,-0.088495575
379,TOTAL.OGNRPUS.M,Number of Rigs,1213,7/1/04,2004,7,0.0315,2.058252427
380,TOTAL.OGNRPUS.M,Number of Rigs,1234,8/1/04,2004,8,0.0173,-0.450793651
381,TOTAL.OGNRPUS.M,Number of Rigs,1240,9/1/04,2004,9,0.0049,-0.716763006
382,TOTAL.OGNRPUS.M,Number of Rigs,1240,10/1/04,2004,10,0,-1
383,TOTAL.OGNRPUS.M,Number of Rigs,1262,11/1/04,2004,11,0.0177,0
384,TOTAL.OGNRPUS.M,Number of Rigs,1246,12/1/04,2004,12,-0.0127,-1.717514124
385,TOTAL.OGNRPUS.M,Number of Rigs,1255,1/1/05,2005,1,0.0072,-1.566929134
386,TOTAL.OGNRPUS.M,Number of Rigs,1276,2/1/05,2005,2,0.0167,1.319444444
387,TOTAL.OGNRPUS.M,Number of Rigs,1306,3/1/05,2005,3,0.0235,0.407185629
388,TOTAL.OGNRPUS.M,Number of Rigs,1334,4/1/05,2005,4,0.0214,-0.089361702
389,TOTAL.OGNRPUS.M,Number of Rigs,1320,5/1/05,2005,5,-0.0105,-1.490654206
390,TOTAL.OGNRPUS.M,Number of Rigs,1355,6/1/05,2005,6,0.0265,-3.523809524
391,TOTAL.OGNRPUS.M,Number of Rigs,1398,7/1/05,2005,7,0.0317,0.196226415
392,TOTAL.OGNRPUS.M,Number of Rigs,1436,8/1/05,2005,8,0.0272,-0.141955836
393,TOTAL.OGNRPUS.M,Number of Rigs,1452,9/1/05,2005,9,0.0111,-0.591911765
394,TOTAL.OGNRPUS.M,Number of Rigs,1479,10/1/05,2005,10,0.0186,0.675675676
395,TOTAL.OGNRPUS.M,Number of Rigs,1486,11/1/05,2005,11,0.0047,-0.747311828
396,TOTAL.OGNRPUS.M,Number of Rigs,1470,12/1/05,2005,12,-0.0108,-3.29787234
397,TOTAL.OGNRPUS.M,Number of Rigs,1473,1/1/06,2006,1,0.002,-1.185185185
398,TOTAL.OGNRPUS.M,Number of Rigs,1533,2/1/06,2006,2,0.0407,19.35
399,TOTAL.OGNRPUS.M,Number of Rigs,1551,3/1/06,2006,3,0.0117,-0.712530713
400,TOTAL.OGNRPUS.M,Number of Rigs,1597,4/1/06,2006,4,0.0297,1.538461538
401,TOTAL.OGNRPUS.M,Number of Rigs,1635,5/1/06,2006,5,0.0238,-0.198653199
402,TOTAL.OGNRPUS.M,Number of Rigs,1665,6/1/06,2006,6,0.0183,-0.231092437
403,TOTAL.OGNRPUS.M,Number of Rigs,1681,7/1/06,2006,7,0.0096,-0.475409836
404,TOTAL.OGNRPUS.M,Number of Rigs,1738,8/1/06,2006,8,0.0339,2.53125
405,TOTAL.OGNRPUS.M,Number of Rigs,1739,9/1/06,2006,9,6.00E-04,-0.982300885
406,TOTAL.OGNRPUS.M,Number of Rigs,1734,10/1/06,2006,10,-0.0029,-5.833333333
407,TOTAL.OGNRPUS.M,Number of Rigs,1706,11/1/06,2006,11,-0.0161,4.551724138
408,TOTAL.OGNRPUS.M,Number of Rigs,1718,12/1/06,2006,12,0.007,-1.434782609
409,TOTAL.OGNRPUS.M,Number of Rigs,1714,1/1/07,2007,1,-0.0023,-1.328571429
410,TOTAL.OGNRPUS.M,Number of Rigs,1736,2/1/07,2007,2,0.0128,-6.565217391
411,TOTAL.OGNRPUS.M,Number of Rigs,1749,3/1/07,2007,3,0.0075,-0.4140625
412,TOTAL.OGNRPUS.M,Number of Rigs,1750,4/1/07,2007,4,6.00E-04,-0.92
413,TOTAL.OGNRPUS.M,Number of Rigs,1748,5/1/07,2007,5,-0.0011,-2.833333333
414,TOTAL.OGNRPUS.M,Number of Rigs,1771,6/1/07,2007,6,0.0132,-13
415,TOTAL.OGNRPUS.M,Number of Rigs,1777,7/1/07,2007,7,0.0034,-0.742424242
416,TOTAL.OGNRPUS.M,Number of Rigs,1804,8/1/07,2007,8,0.0152,3.470588235
417,TOTAL.OGNRPUS.M,Number of Rigs,1783,9/1/07,2007,9,-0.0116,-1.763157895
418,TOTAL.OGNRPUS.M,Number of Rigs,1762,10/1/07,2007,10,-0.0118,0.017241379
419,TOTAL.OGNRPUS.M,Number of Rigs,1798,11/1/07,2007,11,0.0204,-2.728813559
420,TOTAL.OGNRPUS.M,Number of Rigs,1811,12/1/07,2007,12,0.0072,-0.647058824
421,TOTAL.OGNRPUS.M,Number of Rigs,1749,1/1/08,2008,1,-0.0342,-5.75
422,TOTAL.OGNRPUS.M,Number of Rigs,1765,2/1/08,2008,2,0.0091,-1.266081871
423,TOTAL.OGNRPUS.M,Number of Rigs,1797,3/1/08,2008,3,0.0181,0.989010989
424,TOTAL.OGNRPUS.M,Number of Rigs,1829,4/1/08,2008,4,0.0178,-0.016574586
425,TOTAL.OGNRPUS.M,Number of Rigs,1863,5/1/08,2008,5,0.0186,0.04494382
426,TOTAL.OGNRPUS.M,Number of Rigs,1902,6/1/08,2008,6,0.0209,0.123655914
427,TOTAL.OGNRPUS.M,Number of Rigs,1932,7/1/08,2008,7,0.0158,-0.244019139
428,TOTAL.OGNRPUS.M,Number of Rigs,1987,8/1/08,2008,8,0.0285,0.803797468
429,TOTAL.OGNRPUS.M,Number of Rigs,2014,9/1/08,2008,9,0.0136,-0.522807018
430,TOTAL.OGNRPUS.M,Number of Rigs,1976,10/1/08,2008,10,-0.0189,-2.389705882
431,TOTAL.OGNRPUS.M,Number of Rigs,1935,11/1/08,2008,11,-0.0207,0.095238095
432,TOTAL.OGNRPUS.M,Number of Rigs,1782,12/1/08,2008,12,-0.0791,2.821256039
433,TOTAL.OGNRPUS.M,Number of Rigs,1553,1/1/09,2009,1,-0.1285,0.624525917
434,TOTAL.OGNRPUS.M,Number of Rigs,1320,2/1/09,2009,2,-0.15,0.167315175
435,TOTAL.OGNRPUS.M,Number of Rigs,1105,3/1/09,2009,3,-0.1629,0.086
436,TOTAL.OGNRPUS.M,Number of Rigs,1004,4/1/09,2009,4,-0.0914,-0.438919583
437,TOTAL.OGNRPUS.M,Number of Rigs,918,5/1/09,2009,5,-0.0857,-0.062363239
438,TOTAL.OGNRPUS.M,Number of Rigs,895,6/1/09,2009,6,-0.0251,-0.707117853
439,TOTAL.OGNRPUS.M,Number of Rigs,931,7/1/09,2009,7,0.0402,-2.601593625
440,TOTAL.OGNRPUS.M,Number of Rigs,980,8/1/09,2009,8,0.0526,0.308457711
441,TOTAL.OGNRPUS.M,Number of Rigs,1009,9/1/09,2009,9,0.0296,-0.437262357
442,TOTAL.OGNRPUS.M,Number of Rigs,1044,10/1/09,2009,10,0.0347,0.172297297
443,TOTAL.OGNRPUS.M,Number of Rigs,1107,11/1/09,2009,11,0.0603,0.737752161
444,TOTAL.OGNRPUS.M,Number of Rigs,1172,12/1/09,2009,12,0.0587,-0.026533997
445,TOTAL.OGNRPUS.M,Number of Rigs,1267,1/1/10,2010,1,0.0811,0.381601363
446,TOTAL.OGNRPUS.M,Number of Rigs,1350,2/1/10,2010,2,0.0655,-0.192355117
447,TOTAL.OGNRPUS.M,Number of Rigs,1419,3/1/10,2010,3,0.0511,-0.219847328
448,TOTAL.OGNRPUS.M,Number of Rigs,1479,4/1/10,2010,4,0.0423,-0.17221135
449,TOTAL.OGNRPUS.M,Number of Rigs,1513,5/1/10,2010,5,0.023,-0.456264775
450,TOTAL.OGNRPUS.M,Number of Rigs,1531,6/1/10,2010,6,0.0119,-0.482608696
451,TOTAL.OGNRPUS.M,Number of Rigs,1573,7/1/10,2010,7,0.0274,1.302521008
452,TOTAL.OGNRPUS.M,Number of Rigs,1638,8/1/10,2010,8,0.0413,0.50729927
453,TOTAL.OGNRPUS.M,Number of Rigs,1655,9/1/10,2010,9,0.0104,-0.748184019
454,TOTAL.OGNRPUS.M,Number of Rigs,1668,10/1/10,2010,10,0.0079,-0.240384615
455,TOTAL.OGNRPUS.M,Number of Rigs,1683,11/1/10,2010,11,0.009,0.139240506
456,TOTAL.OGNRPUS.M,Number of Rigs,1711,12/1/10,2010,12,0.0166,0.844444444
457,TOTAL.OGNRPUS.M,Number of Rigs,1711,1/1/11,2011,1,0,-1
458,TOTAL.OGNRPUS.M,Number of Rigs,1718,2/1/11,2011,2,0.0041,0
459,TOTAL.OGNRPUS.M,Number of Rigs,1720,3/1/11,2011,3,0.0012,-0.707317073
460,TOTAL.OGNRPUS.M,Number of Rigs,1790,4/1/11,2011,4,0.0407,32.91666667
461,TOTAL.OGNRPUS.M,Number of Rigs,1836,5/1/11,2011,5,0.0257,-0.368550369
462,TOTAL.OGNRPUS.M,Number of Rigs,1863,6/1/11,2011,6,0.0147,-0.428015564
463,TOTAL.OGNRPUS.M,Number of Rigs,1900,7/1/11,2011,7,0.0199,0.353741497
464,TOTAL.OGNRPUS.M,Number of Rigs,1957,8/1/11,2011,8,0.03,0.507537688
465,TOTAL.OGNRPUS.M,Number of Rigs,1978,9/1/11,2011,9,0.0107,-0.643333333
466,TOTAL.OGNRPUS.M,Number of Rigs,2017,10/1/11,2011,10,0.0197,0.841121495
467,TOTAL.OGNRPUS.M,Number of Rigs,2011,11/1/11,2011,11,-0.003,-1.152284264
468,TOTAL.OGNRPUS.M,Number of Rigs,2003,12/1/11,2011,12,-0.004,0.333333333
469,TOTAL.OGNRPUS.M,Number of Rigs,2003,1/1/12,2012,1,0,-1
470,TOTAL.OGNRPUS.M,Number of Rigs,1990,2/1/12,2012,2,-0.0065,0
471,TOTAL.OGNRPUS.M,Number of Rigs,1979,3/1/12,2012,3,-0.0055,-0.153846154
472,TOTAL.OGNRPUS.M,Number of Rigs,1962,4/1/12,2012,4,-0.0086,0.563636364
473,TOTAL.OGNRPUS.M,Number of Rigs,1977,5/1/12,2012,5,0.0076,-1.88372093
474,TOTAL.OGNRPUS.M,Number of Rigs,1972,6/1/12,2012,6,-0.0025,-1.328947368
475,TOTAL.OGNRPUS.M,Number of Rigs,1944,7/1/12,2012,7,-0.0142,4.68
476,TOTAL.OGNRPUS.M,Number of Rigs,1913,8/1/12,2012,8,-0.0159,0.11971831
477,TOTAL.OGNRPUS.M,Number of Rigs,1859,9/1/12,2012,9,-0.0282,0.773584906
478,TOTAL.OGNRPUS.M,Number of Rigs,1834,10/1/12,2012,10,-0.0134,-0.524822695
479,TOTAL.OGNRPUS.M,Number of Rigs,1809,11/1/12,2012,11,-0.0136,0.014925373
480,TOTAL.OGNRPUS.M,Number of Rigs,1784,12/1/12,2012,12,-0.0138,0.014705882
481,TOTAL.OGNRPUS.M,Number of Rigs,1756,1/1/13,2013,1,-0.0157,0.137681159
482,TOTAL.OGNRPUS.M,Number of Rigs,1762,2/1/13,2013,2,0.0034,-1.21656051
483,TOTAL.OGNRPUS.M,Number of Rigs,1756,3/1/13,2013,3,-0.0034,-2
484,TOTAL.OGNRPUS.M,Number of Rigs,1755,4/1/13,2013,4,-6.00E-04,-0.823529412
485,TOTAL.OGNRPUS.M,Number of Rigs,1767,5/1/13,2013,5,0.0068,-12.33333333
486,TOTAL.OGNRPUS.M,Number of Rigs,1761,6/1/13,2013,6,-0.0034,-1.5
487,TOTAL.OGNRPUS.M,Number of Rigs,1766,7/1/13,2013,7,0.0028,-1.823529412
488,TOTAL.OGNRPUS.M,Number of Rigs,1781,8/1/13,2013,8,0.0085,2.035714286
489,TOTAL.OGNRPUS.M,Number of Rigs,1760,9/1/13,2013,9,-0.0118,-2.388235294
490,TOTAL.OGNRPUS.M,Number of Rigs,1744,10/1/13,2013,10,-0.0091,-0.228813559
491,TOTAL.OGNRPUS.M,Number of Rigs,1756,11/1/13,2013,11,0.0069,-1.758241758
492,TOTAL.OGNRPUS.M,Number of Rigs,1771,12/1/13,2013,12,0.0085,0.231884058
493,TOTAL.OGNRPUS.M,Number of Rigs,1769,1/1/14,2014,1,-0.0011,-1.129411765
494,TOTAL.OGNRPUS.M,Number of Rigs,1769,2/1/14,2014,2,0,-1
495,TOTAL.OGNRPUS.M,Number of Rigs,1803,3/1/14,2014,3,0.0192,0
496,TOTAL.OGNRPUS.M,Number of Rigs,1835,4/1/14,2014,4,0.0177,-0.078125
497,TOTAL.OGNRPUS.M,Number of Rigs,1859,5/1/14,2014,5,0.0131,-0.259887006
498,TOTAL.OGNRPUS.M,Number of Rigs,1861,6/1/14,2014,6,0.0011,-0.916030534
499,TOTAL.OGNRPUS.M,Number of Rigs,1876,7/1/14,2014,7,0.0081,6.363636364
500,TOTAL.OGNRPUS.M,Number of Rigs,1904,8/1/14,2014,8,0.0149,0.839506173
501,TOTAL.OGNRPUS.M,Number of Rigs,1930,9/1/14,2014,9,0.0137,-0.080536913
502,TOTAL.OGNRPUS.M,Number of Rigs,1925,10/1/14,2014,10,-0.0026,-1.189781022
503,TOTAL.OGNRPUS.M,Number of Rigs,1925,11/1/14,2014,11,0,-1
504,TOTAL.OGNRPUS.M,Number of Rigs,1882,12/1/14,2014,12,-0.0223,0
505,TOTAL.OGNRPUS.M,Number of Rigs,1683,1/1/15,2015,1,-0.1057,3.739910314
506,TOTAL.OGNRPUS.M,Number of Rigs,1348,2/1/15,2015,2,-0.199,0.88268685
507,TOTAL.OGNRPUS.M,Number of Rigs,1109,3/1/15,2015,3,-0.1773,-0.109045226
508,TOTAL.OGNRPUS.M,Number of Rigs,976,4/1/15,2015,4,-0.1199,-0.323745065
509,TOTAL.OGNRPUS.M,Number of Rigs,889,5/1/15,2015,5,-0.0891,-0.256880734
510,TOTAL.OGNRPUS.M,Number of Rigs,861,6/1/15,2015,6,-0.0315,-0.646464646
511,TOTAL.OGNRPUS.M,Number of Rigs,866,7/1/15,2015,7,0.0058,-1.184126984
512,TOTAL.OGNRPUS.M,Number of Rigs,883,8/1/15,2015,8,0.0196,2.379310345
513,TOTAL.OGNRPUS.M,Number of Rigs,848,9/1/15,2015,9,-0.0396,-3.020408163
514,TOTAL.OGNRPUS.M,Number of Rigs,791,10/1/15,2015,10,-0.0672,0.696969697
515,TOTAL.OGNRPUS.M,Number of Rigs,760,11/1/15,2015,11,-0.0392,-0.416666667
516,TOTAL.OGNRPUS.M,Number of Rigs,711,12/1/15,2015,12,-0.0645,0.645408163
517,TOTAL.OGNRPUS.M,Number of Rigs,643,1/1/16,2016,1,-0.0956,0.482170543
518,TOTAL.OGNRPUS.M,Number of Rigs,532,2/1/16,2016,2,-0.1726,0.805439331
519,TOTAL.OGNRPUS.M,Number of Rigs,477,3/1/16,2016,3,-0.1034,-0.400926999
520,TOTAL.OGNRPUS.M,Number of Rigs,437,4/1/16,2016,4,-0.0839,-0.188588008
521,TOTAL.OGNRPUS.M,Number of Rigs,407,5/1/16,2016,5,-0.0686,-0.182359952
522,TOTAL.OGNRPUS.M,Number of Rigs,417,6/1/16,2016,6,0.0246,-1.358600583
523,TOTAL.OGNRPUS.M,Number of Rigs,449,7/1/16,2016,7,0.0767,2.117886179
524,TOTAL.OGNRPUS.M,Number of Rigs,481,8/1/16,2016,8,0.0713,-0.070404172
525,TOTAL.OGNRPUS.M,Number of Rigs,509,9/1/16,2016,9,0.0582,-0.183730715
526,TOTAL.OGNRPUS.M,Number of Rigs,543,10/1/16,2016,10,0.0668,0.147766323
527,TOTAL.OGNRPUS.M,Number of Rigs,580,11/1/16,2016,11,0.0681,0.019461078
528,TOTAL.OGNRPUS.M,Number of Rigs,634,12/1/16,2016,12,0.0931,0.367107195
529,TOTAL.OGNRPUS.M,Number of Rigs,683,1/1/17,2017,1,0.0773,-0.169709989
530,TOTAL.OGNRPUS.M,Number of Rigs,744,2/1/17,2017,2,0.0893,0.155239327
531,TOTAL.OGNRPUS.M,Number of Rigs,789,3/1/17,2017,3,0.0605,-0.322508399
532,TOTAL.OGNRPUS.M,Number of Rigs,853,4/1/17,2017,4,0.0811,0.340495868
533,TOTAL.OGNRPUS.M,Number of Rigs,893,5/1/17,2017,5,0.0469,-0.421701603
534,TOTAL.OGNRPUS.M,Number of Rigs,931,6/1/17,2017,6,0.0426,-0.091684435
535,TOTAL.OGNRPUS.M,Number of Rigs,953,7/1/17,2017,7,0.0236,-0.44600939
536,TOTAL.OGNRPUS.M,Number of Rigs,947,8/1/17,2017,8,-0.0063,-1.266949153
537,TOTAL.OGNRPUS.M,Number of Rigs,940,9/1/17,2017,9,-0.0074,0.174603175
538,TOTAL.OGNRPUS.M,Number of Rigs,922,10/1/17,2017,10,-0.0191,1.581081081
539,TOTAL.OGNRPUS.M,Number of Rigs,911,11/1/17,2017,11,-0.0119,-0.376963351
540,TOTAL.OGNRPUS.M,Number of Rigs,930,12/1/17,2017,12,0.0209,-2.756302521
541,TOTAL.OGNRPUS.M,Number of Rigs,937,1/1/18,2018,1,0.0075,-0.641148325
542,TOTAL.OGNRPUS.M,Number of Rigs,969,2/1/18,2018,2,0.0342,3.56
543,TOTAL.OGNRPUS.M,Number of Rigs,989,3/1/18,2018,3,0.0206,-0.397660819
544,TOTAL.OGNRPUS.M,Number of Rigs,1011,4/1/18,2018,4,0.0222,0.077669903
545,TOTAL.OGNRPUS.M,Number of Rigs,1046,5/1/18,2018,5,0.0346,0.558558559
546,TOTAL.OGNRPUS.M,Number of Rigs,1056,6/1/18,2018,6,0.0096,-0.722543353
547,TOTAL.OGNRPUS.M,Number of Rigs,1050,7/1/18,2018,7,-0.0057,-1.59375
548,TOTAL.OGNRPUS.M,Number of Rigs,1050,8/1/18,2018,8,0,-1
549,TOTAL.OGNRPUS.M,Number of Rigs,1053,9/1/18,2018,9,0.0029,0
550,TOTAL.OGNRPUS.M,Number of Rigs,1063,10/1/18,2018,10,0.0095,2.275862069
551,TOTAL.OGNRPUS.M,Number of Rigs,1077,11/1/18,2018,11,0.0132,0.389473684
552,TOTAL.OGNRPUS.M,Number of Rigs,1077,12/1/18,2018,12,0,-1
553,TOTAL.OGNRPUS.M,Number of Rigs,1065,1/1/19,2019,1,-0.0111,0
554,TOTAL.OGNRPUS.M,Number of Rigs,1048,2/1/19,2019,2,-0.016,0.441441441
555,TOTAL.OGNRPUS.M,Number of Rigs,1023,3/1/19,2019,3,-0.0239,0.49375
556,TOTAL.OGNRPUS.M,Number of Rigs,1013,4/1/19,2019,4,-0.0098,-0.589958159
557,TOTAL.OGNRPUS.M,Number of Rigs,986,5/1/19,2019,5,-0.0267,1.724489796
558,TOTAL.OGNRPUS.M,Number of Rigs,970,6/1/19,2019,6,-0.0162,-0.393258427
559,TOTAL.OGNRPUS.M,Number of Rigs,955,7/1/19,2019,7,-0.0155,-0.043209877
560,TOTAL.OGNRPUS.M,Number of Rigs,926,8/1/19,2019,8,-0.0304,0.961290323
561,TOTAL.OGNRPUS.M,Number of Rigs,878,9/1/19,2019,9,-0.0518,0.703947368
562,TOTAL.OGNRPUS.M,Number of Rigs,848,10/1/19,2019,10,-0.0342,-0.33976834
563,TOTAL.OGNRPUS.M,Number of Rigs,810,11/1/19,2019,11,-0.0448,0.30994152
564,TOTAL.OGNRPUS.M,Number of Rigs,804,12/1/19,2019,12,-0.0074,-0.834821429
565,TOTAL.OGNRPUS.M,Number of Rigs,791,1/1/20,2020,1,-0.0162,1.189189189
566,TOTAL.OGNRPUS.M,Number of Rigs,790,2/1/20,2020,2,-0.0013,-0.919753086
567,TOTAL.OGNRPUS.M,Number of Rigs,771,3/1/20,2020,3,-0.0241,17.53846154
568,TOTAL.OGNRPUS.M,Number of Rigs,565,4/1/20,2020,4,-0.2672,10.08713693
569,TOTAL.OGNRPUS.M,Number of Rigs,348,5/1/20,2020,5,-0.3841,0.4375
570,TOTAL.OGNRPUS.M,Number of Rigs,274,6/1/20,2020,6,-0.2126,-0.446498308
571,TOTAL.OGNRPUS.M,Number of Rigs,255,7/1/20,2020,7,-0.0693,-0.674035748
572,TOTAL.OGNRPUS.M,Number of Rigs,250,8/1/20,2020,8,-0.0196,-0.717171717
573,TOTAL.OGNRPUS.M,Number of Rigs,257,9/1/20,2020,9,0.028,-2.428571429
574,TOTAL.OGNRPUS.M,Number of Rigs,280,10/1/20,2020,10,0.0895,2.196428571
575,TOTAL.OGNRPUS.M,Number of Rigs,311,11/1/20,2020,11,0.1107,0.236871508
576,TOTAL.OGNRPUS.M,Number of Rigs,341,12/1/20,2020,12,0.0965,-0.128274616
577,TOTAL.OGNRPUS.M,Number of Rigs,374,1/1/21,2021,1,0.0968,0.003108808
578,TOTAL.OGNRPUS.M,Number of Rigs,397,2/1/21,2021,2,0.0615,-0.364669421
579,TOTAL.OGNRPUS.M,Number of Rigs,408,3/1/21,2021,3,0.0277,-0.549593496
580,TOTAL.OGNRPUS.M,Number of Rigs,436,4/1/21,2021,4,0.0686,1.476534296
581,TOTAL.OGNRPUS.M,Number of Rigs,453,5/1/21,2021,5,0.039,-0.43148688
582,TOTAL.OGNRPUS.M,Number of Rigs,464,6/1/21,2021,6,0.0243,-0.376923077
583,TOTAL.OGNRPUS.M,Number of Rigs,483,7/1/21,2021,7,0.0409,0.683127572
584,TOTAL.OGNRPUS.M,Number of Rigs,501,8/1/21,2021,8,0.0373,-0.08801956
585,TOTAL.OGNRPUS.M,Number of Rigs,508,9/1/21,2021,9,0.014,-0.624664879
586,TOTAL.OGNRPUS.M,Number of Rigs,538,10/1/21,2021,10,0.0591,3.221428571
587,TOTAL.OGNRPUS.M,Number of Rigs,560,11/1/21,2021,11,0.0409,-0.307952623
588,TOTAL.OGNRPUS.M,Number of Rigs,579,12/1/21,2021,12,0.0339,-0.171149144
589,TOTAL.OGNRPUS.M,Number of Rigs,601,1/1/22,2022,1,0.038,0.120943953
590,TOTAL.OGNRPUS.M,Number of Rigs,636,2/1/22,2022,2,0.0582,0.531578947
591,TOTAL.OGNRPUS.M,Number of Rigs,662,3/1/22,2022,3,0.0409,-0.297250859
592,TOTAL.OGNRPUS.M,Number of Rigs,690,4/1/22,2022,4,0.0423,0.034229829
593,TOTAL.OGNRPUS.M,Number of Rigs,719,5/1/22,2022,5,0.042,-0.007092199
594,TOTAL.OGNRPUS.M,Number of Rigs,738,6/1/22,2022,6,0.0264,-0.371428571
595,TOTAL.OGNRPUS.M,Number of Rigs,757,7/1/22,2022,7,0.0257,-0.026515152
596,TOTAL.OGNRPUS.M,Number of Rigs,764,8/1/22,2022,8,0.0092,-0.642023346
597,TOTAL.OGNRPUS.M,Number of Rigs,762,9/1/22,2022,9,-0.0026,-1.282608696